{"TRAIN_MeanDice_train":0.1882021427154541,"MeanDice_test":0.3546273559331894,"Dice_WT_val":0.30438769701868296,"_runtime":1284.519381959,"_wandb":{"runtime":1284},"Dice_TC_test":0.35969049111008644,"loss_val":0.9230812788009644,"Dice_WT_test":0.6461998820304871,"Dice_ET_val":0.04234054632252082,"steps_per_sec_train":0,"_step":200,"Dice_ET_test":0.05799171328544617,"_timestamp":1.7714096012296472e+09,"epoch_train":20,"steps_per_sec_test":0,"MeanDice_val":0.12930527608841658,"loss_train":0.9011476635932922,"steps_per_sec_val":0.1807975239128229,"grad_norm_train":0.09604871273040771,"loss_test":0.7770920693874359,"learning rate_train":5.782172325201145e-05,"Dice_TC_val":0.04118757043033838}