{"Dice_WT_test":0.17891156673431396,"steps_per_sec_val":0.24668206456113656,"loss_val":0.9649783074855804,"grad_norm_train":0.0010832048719748855,"_timestamp":1.771406693633333e+09,"learning rate_train":0,"TRAIN_MeanDice_train":0.00021731136075686663,"Dice_TC_val":0.012462936341762543,"loss_test":0.9388460218906403,"MeanDice_test":0.07108067721128464,"epoch_train":1,"Dice_TC_test":0.030514529906213284,"_wandb":{"runtime":19},"_step":1,"Dice_WT_val":0.08856216259300709,"Dice_ET_test":0.0038159287068992853,"_runtime":19.713336667,"MeanDice_val":0.03394330199807882,"steps_per_sec_test":0,"Dice_ET_val":0.0008048045274335891,"loss_train":0.9997475147247314}